file_name,bad
train0000.jpeg,0
train0001.jpeg,0
train0002.jpeg,0
train0003.jpeg,1
train0004.jpeg,1
train0005.jpeg,1
train0006.jpeg,0
train0007.jpeg,0
train0008.jpeg,1
train0009.jpeg,0
train0010.jpeg,0
train0011.jpeg,1
train0012.jpeg,0
train0013.jpeg,1
train0014.jpeg,0
train0015.jpeg,0
train0016.jpeg,1
train0017.jpeg,1
train0018.jpeg,0
train0019.jpeg,1
train0020.jpeg,0
train0021.jpeg,0
train0022.jpeg,1
train0023.jpeg,0
train0024.jpeg,1
train0025.jpeg,1
train0026.jpeg,0
train0027.jpeg,1
train0028.jpeg,1
train0029.jpeg,0
train0030.jpeg,1
train0031.jpeg,1
train0032.jpeg,0
train0033.jpeg,0
train0034.jpeg,1
train0035.jpeg,1
train0036.jpeg,0
train0037.jpeg,0
train0038.jpeg,1
train0039.jpeg,1
train0040.jpeg,1
train0041.jpeg,1
train0042.jpeg,1
train0043.jpeg,1
train0044.jpeg,1
train0045.jpeg,0
train0046.jpeg,1
train0047.jpeg,1
train0048.jpeg,1
train0049.jpeg,0
train0050.jpeg,1
train0051.jpeg,0
train0052.jpeg,1
train0053.jpeg,1
train0054.jpeg,0
train0055.jpeg,1
train0056.jpeg,0
train0057.jpeg,1
train0058.jpeg,1
train0059.jpeg,1
train0060.jpeg,1
train0061.jpeg,1
train0062.jpeg,1
train0063.jpeg,1
train0064.jpeg,1
train0065.jpeg,1
train0066.jpeg,1
train0067.jpeg,0
train0068.jpeg,1
train0069.jpeg,0
train0070.jpeg,1
train0071.jpeg,1
train0072.jpeg,1
train0073.jpeg,0
train0074.jpeg,1
train0075.jpeg,1
train0076.jpeg,0
train0077.jpeg,0
train0078.jpeg,0
train0079.jpeg,0
train0080.jpeg,1
train0081.jpeg,1
train0082.jpeg,1
train0083.jpeg,1
train0084.jpeg,1
train0085.jpeg,1
train0086.jpeg,1
train0087.jpeg,1
train0088.jpeg,1
train0089.jpeg,1
train0090.jpeg,0
train0091.jpeg,0
train0092.jpeg,0
train0093.jpeg,1
train0094.jpeg,1
train0095.jpeg,0
train0096.jpeg,1
train0097.jpeg,1
train0098.jpeg,0
train0099.jpeg,0
train0100.jpeg,0
train0101.jpeg,1
train0102.jpeg,1
train0103.jpeg,0
train0104.jpeg,0
train0105.jpeg,1
train0106.jpeg,0
train0107.jpeg,1
train0108.jpeg,0
train0109.jpeg,0
train0110.jpeg,0
train0111.jpeg,1
train0112.jpeg,1
train0113.jpeg,0
train0114.jpeg,0
train0115.jpeg,1
train0116.jpeg,1
train0117.jpeg,1
train0118.jpeg,1
train0119.jpeg,1
train0120.jpeg,1
train0121.jpeg,1
train0122.jpeg,1
train0123.jpeg,1
train0124.jpeg,1
train0125.jpeg,1
train0126.jpeg,0
train0127.jpeg,0
train0128.jpeg,1
train0129.jpeg,1
train0130.jpeg,1
train0131.jpeg,1
train0132.jpeg,0
train0133.jpeg,0
train0134.jpeg,1
train0135.jpeg,0
train0136.jpeg,1
train0137.jpeg,1
train0138.jpeg,0
train0139.jpeg,1
train0140.jpeg,1
train0141.jpeg,0
train0142.jpeg,0
train0143.jpeg,0
train0144.jpeg,1
train0145.jpeg,0
train0146.jpeg,0
train0147.jpeg,0
train0148.jpeg,0
train0149.jpeg,0
train0150.jpeg,0
train0151.jpeg,1
train0152.jpeg,1
train0153.jpeg,0
train0154.jpeg,1
train0155.jpeg,0
train0156.jpeg,1
train0157.jpeg,0
train0158.jpeg,1
train0159.jpeg,1
train0160.jpeg,1
train0161.jpeg,0
train0162.jpeg,0
train0163.jpeg,0
train0164.jpeg,1
train0165.jpeg,0
train0166.jpeg,0
train0167.jpeg,1
train0168.jpeg,0
train0169.jpeg,0
train0170.jpeg,1
train0171.jpeg,1
train0172.jpeg,1
train0173.jpeg,0
train0174.jpeg,0
train0175.jpeg,0
train0176.jpeg,1
train0177.jpeg,1
train0178.jpeg,0
train0179.jpeg,1
train0180.jpeg,1
train0181.jpeg,1
train0182.jpeg,0
train0183.jpeg,1
train0184.jpeg,0
train0185.jpeg,1
train0186.jpeg,0
train0187.jpeg,1
train0188.jpeg,0
train0189.jpeg,1
train0190.jpeg,1
train0191.jpeg,0
train0192.jpeg,1
train0193.jpeg,1
train0194.jpeg,1
train0195.jpeg,0
train0196.jpeg,0
train0197.jpeg,0
train0198.jpeg,0
train0199.jpeg,0
train0200.jpeg,0
train0201.jpeg,1
train0202.jpeg,0
train0203.jpeg,1
train0204.jpeg,0
train0205.jpeg,1
train0206.jpeg,0
train0207.jpeg,1
train0208.jpeg,0
train0209.jpeg,1
train0210.jpeg,0
train0211.jpeg,1
train0212.jpeg,1
train0213.jpeg,0
train0214.jpeg,0
train0215.jpeg,0
train0216.jpeg,0
train0217.jpeg,1
train0218.jpeg,0
train0219.jpeg,1
train0220.jpeg,0
train0221.jpeg,1
train0222.jpeg,1
train0223.jpeg,0
train0224.jpeg,0
train0225.jpeg,1
train0226.jpeg,1
train0227.jpeg,0
train0228.jpeg,0
train0229.jpeg,1
train0230.jpeg,0
train0231.jpeg,1
train0232.jpeg,0
train0233.jpeg,1
train0234.jpeg,0
train0235.jpeg,1
train0236.jpeg,1
train0237.jpeg,1
train0238.jpeg,0
train0239.jpeg,1
train0240.jpeg,0
train0241.jpeg,0
train0242.jpeg,1
train0243.jpeg,0
train0244.jpeg,0
train0245.jpeg,1
train0246.jpeg,1
train0247.jpeg,1
train0248.jpeg,0
train0249.jpeg,0
train0250.jpeg,1
train0251.jpeg,0
train0252.jpeg,0
train0253.jpeg,0
train0254.jpeg,0
train0255.jpeg,0
train0256.jpeg,1
train0257.jpeg,0
train0258.jpeg,0
train0259.jpeg,0
train0260.jpeg,0
train0261.jpeg,1
train0262.jpeg,0
train0263.jpeg,0
train0264.jpeg,0
train0265.jpeg,0
train0266.jpeg,0
train0267.jpeg,0
train0268.jpeg,1
train0269.jpeg,0
train0270.jpeg,0
train0271.jpeg,1
train0272.jpeg,0
train0273.jpeg,1
train0274.jpeg,0
train0275.jpeg,0
train0276.jpeg,1
train0277.jpeg,0
train0278.jpeg,0
train0279.jpeg,0
train0280.jpeg,1
train0281.jpeg,1
train0282.jpeg,1
train0283.jpeg,1
train0284.jpeg,1
train0285.jpeg,1
train0286.jpeg,1
train0287.jpeg,1
train0288.jpeg,1
train0289.jpeg,1
train0290.jpeg,0
train0291.jpeg,1
train0292.jpeg,1
train0293.jpeg,1
train0294.jpeg,1
train0295.jpeg,1
train0296.jpeg,0
train0297.jpeg,0
train0298.jpeg,1
train0299.jpeg,1
train0300.jpeg,1
train0301.jpeg,0
train0302.jpeg,0
train0303.jpeg,0
train0304.jpeg,1
train0305.jpeg,1
train0306.jpeg,1
train0307.jpeg,1
train0308.jpeg,1
train0309.jpeg,0
train0310.jpeg,0
train0311.jpeg,1
train0312.jpeg,1
train0313.jpeg,0
train0314.jpeg,1
train0315.jpeg,1
train0316.jpeg,1
train0317.jpeg,0
train0318.jpeg,0
train0319.jpeg,1
train0320.jpeg,1
train0321.jpeg,0
train0322.jpeg,0
train0323.jpeg,0
train0324.jpeg,1
train0325.jpeg,1
train0326.jpeg,0
train0327.jpeg,0
train0328.jpeg,1
train0329.jpeg,1
train0330.jpeg,1
train0331.jpeg,1
train0332.jpeg,1
train0333.jpeg,1
train0334.jpeg,1
train0335.jpeg,0
train0336.jpeg,0
train0337.jpeg,1
train0338.jpeg,1
train0339.jpeg,1
train0340.jpeg,1
train0341.jpeg,0
train0342.jpeg,0
train0343.jpeg,1
train0344.jpeg,0
train0345.jpeg,0
train0346.jpeg,0
train0347.jpeg,1
train0348.jpeg,1
train0349.jpeg,1
train0350.jpeg,1
train0351.jpeg,1
train0352.jpeg,0
train0353.jpeg,0
train0354.jpeg,1
train0355.jpeg,1
train0356.jpeg,0
train0357.jpeg,0
train0358.jpeg,1
train0359.jpeg,1
train0360.jpeg,1
train0361.jpeg,0
train0362.jpeg,1
train0363.jpeg,1
train0364.jpeg,1
train0365.jpeg,0
train0366.jpeg,0
train0367.jpeg,1
train0368.jpeg,1
train0369.jpeg,1
train0370.jpeg,0
train0371.jpeg,1
train0372.jpeg,1
train0373.jpeg,1
train0374.jpeg,1
train0375.jpeg,1
train0376.jpeg,1
train0377.jpeg,0
train0378.jpeg,0
train0379.jpeg,1
train0380.jpeg,0
train0381.jpeg,1
train0382.jpeg,0
train0383.jpeg,1
train0384.jpeg,1
train0385.jpeg,0
train0386.jpeg,1
train0387.jpeg,0
train0388.jpeg,1
train0389.jpeg,1
train0390.jpeg,1
train0391.jpeg,1
train0392.jpeg,0
train0393.jpeg,1
train0394.jpeg,1
train0395.jpeg,0
train0396.jpeg,1
train0397.jpeg,1
train0398.jpeg,1
train0399.jpeg,1
train0400.jpeg,1
train0401.jpeg,1
train0402.jpeg,1
train0403.jpeg,1
train0404.jpeg,0
train0405.jpeg,0
train0406.jpeg,0
train0407.jpeg,1
train0408.jpeg,1
train0409.jpeg,0
train0410.jpeg,0
train0411.jpeg,0
train0412.jpeg,0
train0413.jpeg,1
train0414.jpeg,0
train0415.jpeg,1
train0416.jpeg,1
train0417.jpeg,0
train0418.jpeg,1
train0419.jpeg,0
train0420.jpeg,1
train0421.jpeg,0
train0422.jpeg,0
train0423.jpeg,0
train0424.jpeg,0
train0425.jpeg,0
train0426.jpeg,0
train0427.jpeg,1
train0428.jpeg,0
train0429.jpeg,1
train0430.jpeg,0
train0431.jpeg,1
train0432.jpeg,0
train0433.jpeg,1
train0434.jpeg,0
train0435.jpeg,1
train0436.jpeg,1
train0437.jpeg,0
train0438.jpeg,1
train0439.jpeg,1
train0440.jpeg,0
train0441.jpeg,1
train0442.jpeg,1
train0443.jpeg,1
train0444.jpeg,0
train0445.jpeg,0
train0446.jpeg,0
train0447.jpeg,0
train0448.jpeg,1
train0449.jpeg,0
train0450.jpeg,1
train0451.jpeg,0
train0452.jpeg,1
train0453.jpeg,0
train0454.jpeg,1
train0455.jpeg,1
train0456.jpeg,0
train0457.jpeg,0
train0458.jpeg,0
train0459.jpeg,0
train0460.jpeg,1
train0461.jpeg,0
train0462.jpeg,0
train0463.jpeg,0
train0464.jpeg,0
train0465.jpeg,1
train0466.jpeg,0
train0467.jpeg,1
train0468.jpeg,1
train0469.jpeg,1
train0470.jpeg,0
train0471.jpeg,1
train0472.jpeg,0
train0473.jpeg,1
train0474.jpeg,0
train0475.jpeg,1
train0476.jpeg,0
train0477.jpeg,1
train0478.jpeg,1
train0479.jpeg,1
train0480.jpeg,1
train0481.jpeg,1
train0482.jpeg,1
train0483.jpeg,0
train0484.jpeg,0
train0485.jpeg,1
train0486.jpeg,0
train0487.jpeg,1
train0488.jpeg,1
train0489.jpeg,0
train0490.jpeg,1
train0491.jpeg,1
train0492.jpeg,1
train0493.jpeg,1
train0494.jpeg,0
train0495.jpeg,1
train0496.jpeg,0
train0497.jpeg,0
train0498.jpeg,1
train0499.jpeg,0
train0500.jpeg,0
train0501.jpeg,1
train0502.jpeg,0
train0503.jpeg,1
train0504.jpeg,0
train0505.jpeg,0
train0506.jpeg,1
train0507.jpeg,0
train0508.jpeg,1
train0509.jpeg,0
train0510.jpeg,0
train0511.jpeg,0
train0512.jpeg,1
train0513.jpeg,0
train0514.jpeg,1
train0515.jpeg,1
train0516.jpeg,1
train0517.jpeg,1
train0518.jpeg,1
train0519.jpeg,1
train0520.jpeg,0
train0521.jpeg,1
train0522.jpeg,1
train0523.jpeg,0
train0524.jpeg,0
train0525.jpeg,0
train0526.jpeg,1
train0527.jpeg,1
train0528.jpeg,1
train0529.jpeg,0
train0530.jpeg,1
train0531.jpeg,0
train0532.jpeg,0
train0533.jpeg,1
train0534.jpeg,1
train0535.jpeg,0
train0536.jpeg,0
train0537.jpeg,0
train0538.jpeg,1
train0539.jpeg,1
train0540.jpeg,0
train0541.jpeg,0
train0542.jpeg,1
train0543.jpeg,1
train0544.jpeg,1
train0545.jpeg,0
train0546.jpeg,1
train0547.jpeg,1
train0548.jpeg,0
train0549.jpeg,1
train0550.jpeg,0
train0551.jpeg,0
train0552.jpeg,0
train0553.jpeg,1
train0554.jpeg,0
train0555.jpeg,1
train0556.jpeg,1
train0557.jpeg,0
train0558.jpeg,1
train0559.jpeg,0
train0560.jpeg,1
train0561.jpeg,0
train0562.jpeg,1
train0563.jpeg,1
train0564.jpeg,0
train0565.jpeg,0
train0566.jpeg,1
train0567.jpeg,0
train0568.jpeg,0
train0569.jpeg,0
train0570.jpeg,1
train0571.jpeg,0
train0572.jpeg,0
train0573.jpeg,1
train0574.jpeg,0
train0575.jpeg,0
train0576.jpeg,1
train0577.jpeg,1
train0578.jpeg,1
train0579.jpeg,1
train0580.jpeg,1
train0581.jpeg,1
train0582.jpeg,1
train0583.jpeg,0
train0584.jpeg,1
train0585.jpeg,1
train0586.jpeg,1
train0587.jpeg,0
train0588.jpeg,0
train0589.jpeg,0
train0590.jpeg,1
train0591.jpeg,1
train0592.jpeg,1
train0593.jpeg,1
train0594.jpeg,0
train0595.jpeg,0
train0596.jpeg,1
train0597.jpeg,1
train0598.jpeg,1
train0599.jpeg,1
train0600.jpeg,0
train0601.jpeg,1
train0602.jpeg,1
train0603.jpeg,1
train0604.jpeg,0
train0605.jpeg,1
train0606.jpeg,1
train0607.jpeg,0
train0608.jpeg,0
train0609.jpeg,0
train0610.jpeg,0
train0611.jpeg,0
train0612.jpeg,0
train0613.jpeg,1
train0614.jpeg,1
train0615.jpeg,0
train0616.jpeg,1
train0617.jpeg,0
train0618.jpeg,1
train0619.jpeg,1
train0620.jpeg,1
train0621.jpeg,0
train0622.jpeg,0
train0623.jpeg,1
train0624.jpeg,0
train0625.jpeg,0
train0626.jpeg,0
train0627.jpeg,1
train0628.jpeg,0
train0629.jpeg,1
train0630.jpeg,0
train0631.jpeg,0
train0632.jpeg,1
train0633.jpeg,1
train0634.jpeg,1
train0635.jpeg,1
train0636.jpeg,1
train0637.jpeg,0
train0638.jpeg,0
train0639.jpeg,0
train0640.jpeg,0
train0641.jpeg,1
train0642.jpeg,0
train0643.jpeg,0
train0644.jpeg,1
train0645.jpeg,0
train0646.jpeg,1
train0647.jpeg,0
train0648.jpeg,1
train0649.jpeg,1
train0650.jpeg,0
train0651.jpeg,0
train0652.jpeg,0
train0653.jpeg,1
train0654.jpeg,0
train0655.jpeg,0
train0656.jpeg,1
train0657.jpeg,0
train0658.jpeg,1
train0659.jpeg,0
train0660.jpeg,1
train0661.jpeg,1
train0662.jpeg,1
train0663.jpeg,1
train0664.jpeg,1
train0665.jpeg,0
train0666.jpeg,1
train0667.jpeg,1
train0668.jpeg,1
train0669.jpeg,1
train0670.jpeg,0
train0671.jpeg,1
train0672.jpeg,0
train0673.jpeg,1
train0674.jpeg,1
train0675.jpeg,0
train0676.jpeg,0
train0677.jpeg,1
train0678.jpeg,1
train0679.jpeg,1
train0680.jpeg,0
train0681.jpeg,0
train0682.jpeg,0
train0683.jpeg,1
train0684.jpeg,1
train0685.jpeg,1
train0686.jpeg,1
train0687.jpeg,0
train0688.jpeg,0
train0689.jpeg,1
train0690.jpeg,0
train0691.jpeg,0
train0692.jpeg,1
train0693.jpeg,0
train0694.jpeg,1
train0695.jpeg,1
train0696.jpeg,0
train0697.jpeg,1
train0698.jpeg,1
train0699.jpeg,1
train0700.jpeg,1
train0701.jpeg,1
train0702.jpeg,0
train0703.jpeg,1
train0704.jpeg,1
train0705.jpeg,1
train0706.jpeg,0
train0707.jpeg,1
train0708.jpeg,0
train0709.jpeg,0
train0710.jpeg,0
train0711.jpeg,0
train0712.jpeg,0
train0713.jpeg,0
train0714.jpeg,1
train0715.jpeg,0
train0716.jpeg,1
train0717.jpeg,1
train0718.jpeg,1
train0719.jpeg,1
train0720.jpeg,1
train0721.jpeg,1
train0722.jpeg,0
train0723.jpeg,1
train0724.jpeg,0
train0725.jpeg,1
train0726.jpeg,0
train0727.jpeg,1
train0728.jpeg,1
train0729.jpeg,1
train0730.jpeg,0
train0731.jpeg,1
train0732.jpeg,0
train0733.jpeg,1
train0734.jpeg,1
train0735.jpeg,0
train0736.jpeg,1
train0737.jpeg,0
train0738.jpeg,0
train0739.jpeg,1
train0740.jpeg,1
train0741.jpeg,1
train0742.jpeg,1
train0743.jpeg,0
train0744.jpeg,0
train0745.jpeg,0
train0746.jpeg,0
train0747.jpeg,0
train0748.jpeg,0
train0749.jpeg,0
train0750.jpeg,1
train0751.jpeg,0
train0752.jpeg,0
train0753.jpeg,0
train0754.jpeg,0
train0755.jpeg,1
train0756.jpeg,1
train0757.jpeg,1
train0758.jpeg,0
train0759.jpeg,1
train0760.jpeg,0
train0761.jpeg,0
train0762.jpeg,1
train0763.jpeg,1
train0764.jpeg,0
train0765.jpeg,0
train0766.jpeg,0
train0767.jpeg,0
train0768.jpeg,1
train0769.jpeg,1
train0770.jpeg,0
train0771.jpeg,1
train0772.jpeg,0
train0773.jpeg,0
train0774.jpeg,0
train0775.jpeg,1
train0776.jpeg,1
train0777.jpeg,0
train0778.jpeg,1
train0779.jpeg,0
train0780.jpeg,0
train0781.jpeg,1
train0782.jpeg,1
train0783.jpeg,0
train0784.jpeg,1
train0785.jpeg,0
train0786.jpeg,1
train0787.jpeg,1
train0788.jpeg,0
train0789.jpeg,1
train0790.jpeg,1
train0791.jpeg,1
train0792.jpeg,1
train0793.jpeg,1
train0794.jpeg,0
train0795.jpeg,1
train0796.jpeg,0
train0797.jpeg,1
train0798.jpeg,1
train0799.jpeg,0
train0800.jpeg,1
train0801.jpeg,0
train0802.jpeg,0
train0803.jpeg,1
train0804.jpeg,0
train0805.jpeg,0
train0806.jpeg,0
train0807.jpeg,0
train0808.jpeg,0
train0809.jpeg,0
train0810.jpeg,0
train0811.jpeg,1
train0812.jpeg,1
train0813.jpeg,1
train0814.jpeg,0
train0815.jpeg,1
train0816.jpeg,1
train0817.jpeg,1
train0818.jpeg,1
train0819.jpeg,0
train0820.jpeg,0
train0821.jpeg,1
train0822.jpeg,1
train0823.jpeg,0
train0824.jpeg,0
train0825.jpeg,0
train0826.jpeg,0
train0827.jpeg,0
train0828.jpeg,1
train0829.jpeg,0
train0830.jpeg,0
train0831.jpeg,1
train0832.jpeg,0
train0833.jpeg,1
train0834.jpeg,0
train0835.jpeg,1
train0836.jpeg,1
train0837.jpeg,1
train0838.jpeg,0
train0839.jpeg,0
train0840.jpeg,1
train0841.jpeg,0
train0842.jpeg,0
train0843.jpeg,0
train0844.jpeg,0
train0845.jpeg,1
train0846.jpeg,0
train0847.jpeg,1
train0848.jpeg,1
train0849.jpeg,1
train0850.jpeg,1
train0851.jpeg,0
train0852.jpeg,0
train0853.jpeg,0
train0854.jpeg,1
train0855.jpeg,1
train0856.jpeg,1
train0857.jpeg,0
train0858.jpeg,0
train0859.jpeg,1
train0860.jpeg,0
train0861.jpeg,1
train0862.jpeg,1
train0863.jpeg,1
train0864.jpeg,0
train0865.jpeg,0
train0866.jpeg,1
train0867.jpeg,1
train0868.jpeg,1
train0869.jpeg,0
train0870.jpeg,0
train0871.jpeg,1
train0872.jpeg,0
train0873.jpeg,0
train0874.jpeg,1
train0875.jpeg,1
train0876.jpeg,0
train0877.jpeg,1
train0878.jpeg,1
train0879.jpeg,1
train0880.jpeg,1
train0881.jpeg,0
train0882.jpeg,0
train0883.jpeg,1
train0884.jpeg,0
train0885.jpeg,0
train0886.jpeg,1
train0887.jpeg,1
train0888.jpeg,0
train0889.jpeg,1
train0890.jpeg,0
train0891.jpeg,1
train0892.jpeg,0
train0893.jpeg,0
train0894.jpeg,1
train0895.jpeg,1
train0896.jpeg,1
train0897.jpeg,1
train0898.jpeg,0
train0899.jpeg,1
train0900.jpeg,1
train0901.jpeg,1
train0902.jpeg,0
train0903.jpeg,0
train0904.jpeg,1
train0905.jpeg,1
train0906.jpeg,1
train0907.jpeg,0
train0908.jpeg,1
train0909.jpeg,1
train0910.jpeg,1
train0911.jpeg,1
train0912.jpeg,1
train0913.jpeg,0
train0914.jpeg,0
train0915.jpeg,1
train0916.jpeg,1
train0917.jpeg,0
train0918.jpeg,1
train0919.jpeg,0
train0920.jpeg,0
train0921.jpeg,1
train0922.jpeg,0
train0923.jpeg,0
train0924.jpeg,1
train0925.jpeg,1
train0926.jpeg,1
train0927.jpeg,1
train0928.jpeg,0
train0929.jpeg,1
train0930.jpeg,0
train0931.jpeg,0
train0932.jpeg,1
train0933.jpeg,1
train0934.jpeg,1
train0935.jpeg,1
train0936.jpeg,0
train0937.jpeg,0
train0938.jpeg,0
train0939.jpeg,1
train0940.jpeg,1
train0941.jpeg,0
train0942.jpeg,1
train0943.jpeg,1
train0944.jpeg,1
train0945.jpeg,1
train0946.jpeg,1
train0947.jpeg,1
train0948.jpeg,0
train0949.jpeg,0
train0950.jpeg,0
train0951.jpeg,0
train0952.jpeg,1
train0953.jpeg,1
train0954.jpeg,0
train0955.jpeg,1
train0956.jpeg,0
train0957.jpeg,1
train0958.jpeg,1
train0959.jpeg,0
train0960.jpeg,0
train0961.jpeg,1
train0962.jpeg,0
train0963.jpeg,1
train0964.jpeg,0
train0965.jpeg,1
train0966.jpeg,1
train0967.jpeg,1
train0968.jpeg,0
train0969.jpeg,0
train0970.jpeg,1
train0971.jpeg,1
train0972.jpeg,0
train0973.jpeg,1
train0974.jpeg,0
train0975.jpeg,1
train0976.jpeg,0
train0977.jpeg,1
train0978.jpeg,1
train0979.jpeg,1
train0980.jpeg,1
train0981.jpeg,1
train0982.jpeg,0
train0983.jpeg,0
train0984.jpeg,0
train0985.jpeg,0
train0986.jpeg,1
train0987.jpeg,0
train0988.jpeg,1
train0989.jpeg,0
train0990.jpeg,1
train0991.jpeg,1
train0992.jpeg,0
train0993.jpeg,1
train0994.jpeg,0
train0995.jpeg,0
train0996.jpeg,1
train0997.jpeg,1
train0998.jpeg,0
train0999.jpeg,1
train1000.jpeg,0
train1001.jpeg,0
train1002.jpeg,0
train1003.jpeg,0
train1004.jpeg,0
train1005.jpeg,0
train1006.jpeg,0
train1007.jpeg,0
train1008.jpeg,1
train1009.jpeg,1
train1010.jpeg,1
train1011.jpeg,1
train1012.jpeg,1
train1013.jpeg,0
train1014.jpeg,0
train1015.jpeg,1
train1016.jpeg,0
train1017.jpeg,1
train1018.jpeg,1
train1019.jpeg,1
train1020.jpeg,0
train1021.jpeg,1
train1022.jpeg,1
train1023.jpeg,1
train1024.jpeg,1
train1025.jpeg,1
train1026.jpeg,1
train1027.jpeg,1
train1028.jpeg,0
train1029.jpeg,0
train1030.jpeg,1
train1031.jpeg,0
train1032.jpeg,1
train1033.jpeg,0
train1034.jpeg,1
train1035.jpeg,1
train1036.jpeg,0
train1037.jpeg,0
train1038.jpeg,1
train1039.jpeg,0
train1040.jpeg,0
train1041.jpeg,1
train1042.jpeg,1
train1043.jpeg,0
train1044.jpeg,1
train1045.jpeg,1
train1046.jpeg,0
train1047.jpeg,0
train1048.jpeg,1
train1049.jpeg,0
train1050.jpeg,0
train1051.jpeg,0
train1052.jpeg,1
train1053.jpeg,0
train1054.jpeg,0
train1055.jpeg,1
train1056.jpeg,0
train1057.jpeg,0
train1058.jpeg,1
train1059.jpeg,0
train1060.jpeg,0
train1061.jpeg,1
train1062.jpeg,1
train1063.jpeg,0
train1064.jpeg,1
train1065.jpeg,1
train1066.jpeg,0
train1067.jpeg,0
train1068.jpeg,0
train1069.jpeg,0
train1070.jpeg,1
train1071.jpeg,1
train1072.jpeg,1
train1073.jpeg,0
train1074.jpeg,1
train1075.jpeg,0
train1076.jpeg,0
train1077.jpeg,1
train1078.jpeg,1
train1079.jpeg,0
train1080.jpeg,0
train1081.jpeg,0
train1082.jpeg,1
train1083.jpeg,0
train1084.jpeg,0
train1085.jpeg,1
train1086.jpeg,0
train1087.jpeg,0
train1088.jpeg,0
train1089.jpeg,0
train1090.jpeg,0
train1091.jpeg,1
train1092.jpeg,0
train1093.jpeg,0
train1094.jpeg,1
train1095.jpeg,1
train1096.jpeg,0
train1097.jpeg,0
train1098.jpeg,1
train1099.jpeg,1
train1100.jpeg,1
train1101.jpeg,1
train1102.jpeg,0
train1103.jpeg,0
train1104.jpeg,1
train1105.jpeg,1
train1106.jpeg,0
train1107.jpeg,1
train1108.jpeg,0
train1109.jpeg,0
train1110.jpeg,1
train1111.jpeg,0
train1112.jpeg,1
train1113.jpeg,0
train1114.jpeg,1
train1115.jpeg,1
train1116.jpeg,0
train1117.jpeg,1
train1118.jpeg,0
train1119.jpeg,1
train1120.jpeg,1
train1121.jpeg,1
train1122.jpeg,1
train1123.jpeg,1
train1124.jpeg,1
train1125.jpeg,1
train1126.jpeg,0
train1127.jpeg,0
train1128.jpeg,0
train1129.jpeg,0
train1130.jpeg,1
train1131.jpeg,1
train1132.jpeg,1
train1133.jpeg,0
train1134.jpeg,0
train1135.jpeg,1
train1136.jpeg,0
train1137.jpeg,1
train1138.jpeg,1
train1139.jpeg,0
train1140.jpeg,1
train1141.jpeg,1
train1142.jpeg,0
train1143.jpeg,0
train1144.jpeg,0
train1145.jpeg,0
train1146.jpeg,1
train1147.jpeg,0
train1148.jpeg,0
train1149.jpeg,1
train1150.jpeg,1
train1151.jpeg,1
train1152.jpeg,1
train1153.jpeg,0
train1154.jpeg,0
train1155.jpeg,1
train1156.jpeg,1
train1157.jpeg,0
train1158.jpeg,0
train1159.jpeg,1
train1160.jpeg,0
train1161.jpeg,0
train1162.jpeg,0
train1163.jpeg,1
train1164.jpeg,1
train1165.jpeg,0
train1166.jpeg,1
train1167.jpeg,0
train1168.jpeg,1
train1169.jpeg,0
train1170.jpeg,0
train1171.jpeg,0
train1172.jpeg,1
train1173.jpeg,0
train1174.jpeg,1
train1175.jpeg,1
train1176.jpeg,1
train1177.jpeg,1
train1178.jpeg,0
train1179.jpeg,0
train1180.jpeg,1
train1181.jpeg,1
train1182.jpeg,1
train1183.jpeg,0
train1184.jpeg,0
train1185.jpeg,0
train1186.jpeg,1
train1187.jpeg,0
train1188.jpeg,0
train1189.jpeg,1
train1190.jpeg,1
train1191.jpeg,0
train1192.jpeg,0
train1193.jpeg,1
train1194.jpeg,1
train1195.jpeg,1
train1196.jpeg,0
train1197.jpeg,0
train1198.jpeg,1
train1199.jpeg,0
train1200.jpeg,1
train1201.jpeg,0
train1202.jpeg,0
train1203.jpeg,0
train1204.jpeg,0
train1205.jpeg,1
train1206.jpeg,0
train1207.jpeg,1
train1208.jpeg,0
train1209.jpeg,1
train1210.jpeg,1
train1211.jpeg,1
train1212.jpeg,1
train1213.jpeg,0
train1214.jpeg,1
train1215.jpeg,1
train1216.jpeg,1
train1217.jpeg,0
train1218.jpeg,0
train1219.jpeg,0
train1220.jpeg,1
train1221.jpeg,1
train1222.jpeg,0
train1223.jpeg,1
train1224.jpeg,1
train1225.jpeg,0
train1226.jpeg,1
train1227.jpeg,0
train1228.jpeg,0
train1229.jpeg,0
train1230.jpeg,1
train1231.jpeg,0
train1232.jpeg,1
train1233.jpeg,1
train1234.jpeg,0
train1235.jpeg,0
train1236.jpeg,1
train1237.jpeg,1
train1238.jpeg,0
train1239.jpeg,1
train1240.jpeg,0
train1241.jpeg,0
train1242.jpeg,1
train1243.jpeg,1
train1244.jpeg,1
train1245.jpeg,0
train1246.jpeg,1
train1247.jpeg,1
train1248.jpeg,1
train1249.jpeg,1
train1250.jpeg,0
train1251.jpeg,1
train1252.jpeg,0
train1253.jpeg,0
train1254.jpeg,1
train1255.jpeg,1
train1256.jpeg,0
train1257.jpeg,1
train1258.jpeg,0
train1259.jpeg,1
train1260.jpeg,1
train1261.jpeg,0
train1262.jpeg,1
train1263.jpeg,1
train1264.jpeg,0
train1265.jpeg,0
train1266.jpeg,1
train1267.jpeg,1
train1268.jpeg,1
train1269.jpeg,1
train1270.jpeg,0
train1271.jpeg,0
train1272.jpeg,0
train1273.jpeg,1
train1274.jpeg,1
train1275.jpeg,1
train1276.jpeg,0
train1277.jpeg,1
train1278.jpeg,1
train1279.jpeg,1
train1280.jpeg,0
train1281.jpeg,0
train1282.jpeg,1
train1283.jpeg,1
train1284.jpeg,1
train1285.jpeg,1
train1286.jpeg,1
train1287.jpeg,1
train1288.jpeg,1
train1289.jpeg,1
train1290.jpeg,0
train1291.jpeg,1
train1292.jpeg,0
train1293.jpeg,1
train1294.jpeg,0
train1295.jpeg,1
train1296.jpeg,0
train1297.jpeg,1
train1298.jpeg,0
train1299.jpeg,0
train1300.jpeg,1
train1301.jpeg,1
train1302.jpeg,0
train1303.jpeg,0
train1304.jpeg,1
train1305.jpeg,1
train1306.jpeg,1
train1307.jpeg,1
train1308.jpeg,1
train1309.jpeg,1
train1310.jpeg,1
train1311.jpeg,0
train1312.jpeg,0
train1313.jpeg,1
train1314.jpeg,0
train1315.jpeg,0
train1316.jpeg,1
train1317.jpeg,0
train1318.jpeg,1
train1319.jpeg,1
train1320.jpeg,0
train1321.jpeg,0
train1322.jpeg,0
train1323.jpeg,1
train1324.jpeg,1
train1325.jpeg,0
train1326.jpeg,1
train1327.jpeg,1
train1328.jpeg,0
train1329.jpeg,0
train1330.jpeg,0
train1331.jpeg,0
train1332.jpeg,0
train1333.jpeg,1
train1334.jpeg,0
train1335.jpeg,1
train1336.jpeg,0
train1337.jpeg,1
train1338.jpeg,1
train1339.jpeg,1
train1340.jpeg,0
train1341.jpeg,1
train1342.jpeg,0
train1343.jpeg,1
train1344.jpeg,1
train1345.jpeg,0
train1346.jpeg,0
train1347.jpeg,1
train1348.jpeg,1
train1349.jpeg,1
train1350.jpeg,1
train1351.jpeg,0
train1352.jpeg,0
train1353.jpeg,1
train1354.jpeg,1
train1355.jpeg,1
train1356.jpeg,0
train1357.jpeg,1
train1358.jpeg,0
train1359.jpeg,0
train1360.jpeg,1
train1361.jpeg,1
train1362.jpeg,1
train1363.jpeg,0
train1364.jpeg,0
train1365.jpeg,0
train1366.jpeg,0
train1367.jpeg,0
train1368.jpeg,0
train1369.jpeg,1
train1370.jpeg,0
train1371.jpeg,0
train1372.jpeg,0
train1373.jpeg,0
train1374.jpeg,0
train1375.jpeg,0
train1376.jpeg,1
train1377.jpeg,0
train1378.jpeg,0
train1379.jpeg,1
train1380.jpeg,1
train1381.jpeg,1
train1382.jpeg,1
train1383.jpeg,1
train1384.jpeg,1
train1385.jpeg,0
train1386.jpeg,0
train1387.jpeg,1
train1388.jpeg,1
train1389.jpeg,0
train1390.jpeg,1
train1391.jpeg,0
train1392.jpeg,1
train1393.jpeg,0
train1394.jpeg,0
train1395.jpeg,0
train1396.jpeg,0
train1397.jpeg,1
train1398.jpeg,1
train1399.jpeg,1
train1400.jpeg,1
train1401.jpeg,0
train1402.jpeg,1
train1403.jpeg,1
train1404.jpeg,1
train1405.jpeg,1
train1406.jpeg,0
train1407.jpeg,0
train1408.jpeg,0
train1409.jpeg,1
train1410.jpeg,1
train1411.jpeg,1
train1412.jpeg,0
train1413.jpeg,1
train1414.jpeg,0
train1415.jpeg,0
train1416.jpeg,0
train1417.jpeg,1
train1418.jpeg,1
train1419.jpeg,0
train1420.jpeg,0
train1421.jpeg,1
train1422.jpeg,0
train1423.jpeg,0
train1424.jpeg,0
train1425.jpeg,0
train1426.jpeg,1
train1427.jpeg,1
train1428.jpeg,1
train1429.jpeg,0
train1430.jpeg,0
train1431.jpeg,0
train1432.jpeg,0
train1433.jpeg,0
train1434.jpeg,1
train1435.jpeg,1
train1436.jpeg,0
train1437.jpeg,1
train1438.jpeg,0
train1439.jpeg,0
train1440.jpeg,1
train1441.jpeg,0
train1442.jpeg,0
train1443.jpeg,1
train1444.jpeg,1
train1445.jpeg,0
train1446.jpeg,1
train1447.jpeg,1
train1448.jpeg,0
train1449.jpeg,1
train1450.jpeg,0
train1451.jpeg,0
train1452.jpeg,0
train1453.jpeg,1
train1454.jpeg,1
train1455.jpeg,0
train1456.jpeg,1
train1457.jpeg,0
train1458.jpeg,1
train1459.jpeg,0
train1460.jpeg,0
train1461.jpeg,0
train1462.jpeg,0
train1463.jpeg,0
train1464.jpeg,0
train1465.jpeg,0
train1466.jpeg,1
train1467.jpeg,1
train1468.jpeg,1
train1469.jpeg,1
train1470.jpeg,1
train1471.jpeg,1
train1472.jpeg,0
train1473.jpeg,1
train1474.jpeg,1
train1475.jpeg,0
train1476.jpeg,0
train1477.jpeg,1
train1478.jpeg,0
train1479.jpeg,1
train1480.jpeg,0
train1481.jpeg,1
train1482.jpeg,1
train1483.jpeg,1
train1484.jpeg,1
train1485.jpeg,1
train1486.jpeg,0
train1487.jpeg,1
train1488.jpeg,1
train1489.jpeg,1
train1490.jpeg,1
train1491.jpeg,1
train1492.jpeg,1
train1493.jpeg,0
train1494.jpeg,1
train1495.jpeg,0
train1496.jpeg,0
train1497.jpeg,0
train1498.jpeg,1
train1499.jpeg,0
train1500.jpeg,1
train1501.jpeg,1
train1502.jpeg,1
train1503.jpeg,0
train1504.jpeg,0
train1505.jpeg,1
train1506.jpeg,0
train1507.jpeg,1
train1508.jpeg,0
train1509.jpeg,1
train1510.jpeg,1
train1511.jpeg,1
train1512.jpeg,1
train1513.jpeg,1
train1514.jpeg,0
train1515.jpeg,1
train1516.jpeg,0
train1517.jpeg,0
train1518.jpeg,0
train1519.jpeg,1
train1520.jpeg,1
train1521.jpeg,1
train1522.jpeg,1
train1523.jpeg,0
train1524.jpeg,1
train1525.jpeg,0
train1526.jpeg,0
train1527.jpeg,1
train1528.jpeg,1
train1529.jpeg,0
train1530.jpeg,0
train1531.jpeg,1
train1532.jpeg,1
train1533.jpeg,0
train1534.jpeg,1
train1535.jpeg,0
train1536.jpeg,0
train1537.jpeg,1
train1538.jpeg,0
train1539.jpeg,1
train1540.jpeg,1
train1541.jpeg,1
train1542.jpeg,0
train1543.jpeg,1
train1544.jpeg,1
train1545.jpeg,0
train1546.jpeg,1
train1547.jpeg,0
train1548.jpeg,0
train1549.jpeg,0
train1550.jpeg,0
train1551.jpeg,1
train1552.jpeg,0
train1553.jpeg,1
train1554.jpeg,0
train1555.jpeg,0
train1556.jpeg,0
train1557.jpeg,1
train1558.jpeg,0
train1559.jpeg,0
train1560.jpeg,0
train1561.jpeg,1
train1562.jpeg,0
train1563.jpeg,1
train1564.jpeg,1
train1565.jpeg,0
train1566.jpeg,0
train1567.jpeg,0
train1568.jpeg,0
train1569.jpeg,1
train1570.jpeg,1
train1571.jpeg,0
train1572.jpeg,0
train1573.jpeg,1
train1574.jpeg,0
train1575.jpeg,1
train1576.jpeg,1
train1577.jpeg,0
train1578.jpeg,0
train1579.jpeg,0
train1580.jpeg,1
train1581.jpeg,0
train1582.jpeg,1
train1583.jpeg,1
train1584.jpeg,1
train1585.jpeg,0
train1586.jpeg,1
train1587.jpeg,1
train1588.jpeg,1
train1589.jpeg,1
train1590.jpeg,1
train1591.jpeg,1
train1592.jpeg,1
train1593.jpeg,0
train1594.jpeg,0
train1595.jpeg,0
train1596.jpeg,1
train1597.jpeg,0
train1598.jpeg,1
train1599.jpeg,0
train1600.jpeg,0
train1601.jpeg,0
train1602.jpeg,0
train1603.jpeg,0
train1604.jpeg,1
train1605.jpeg,1
train1606.jpeg,1
train1607.jpeg,0
train1608.jpeg,1
train1609.jpeg,0
train1610.jpeg,1
train1611.jpeg,1
train1612.jpeg,1
train1613.jpeg,0
train1614.jpeg,0
train1615.jpeg,0
train1616.jpeg,1
train1617.jpeg,1
train1618.jpeg,1
train1619.jpeg,0
train1620.jpeg,0
train1621.jpeg,1
train1622.jpeg,1
train1623.jpeg,0
train1624.jpeg,0
train1625.jpeg,0
train1626.jpeg,0
train1627.jpeg,0
train1628.jpeg,1
train1629.jpeg,1
train1630.jpeg,0
train1631.jpeg,1
train1632.jpeg,0
train1633.jpeg,0
train1634.jpeg,0
train1635.jpeg,1
train1636.jpeg,1
train1637.jpeg,1
train1638.jpeg,0
train1639.jpeg,1
train1640.jpeg,1
train1641.jpeg,0
train1642.jpeg,1
train1643.jpeg,1
train1644.jpeg,1
train1645.jpeg,1
train1646.jpeg,1
train1647.jpeg,1
train1648.jpeg,0
train1649.jpeg,1
train1650.jpeg,1
train1651.jpeg,1
train1652.jpeg,1
train1653.jpeg,1
train1654.jpeg,1
train1655.jpeg,0
train1656.jpeg,0
train1657.jpeg,1
train1658.jpeg,0
train1659.jpeg,0
train1660.jpeg,1
train1661.jpeg,0
train1662.jpeg,1
train1663.jpeg,1
train1664.jpeg,0
train1665.jpeg,1
train1666.jpeg,1
train1667.jpeg,0
train1668.jpeg,0
train1669.jpeg,1
train1670.jpeg,0
train1671.jpeg,0
train1672.jpeg,1
train1673.jpeg,1
train1674.jpeg,0
train1675.jpeg,0
train1676.jpeg,0
train1677.jpeg,0
train1678.jpeg,1
train1679.jpeg,0
train1680.jpeg,1
train1681.jpeg,1
train1682.jpeg,0
train1683.jpeg,0
train1684.jpeg,0
train1685.jpeg,1
train1686.jpeg,1
train1687.jpeg,0
train1688.jpeg,1
train1689.jpeg,0
train1690.jpeg,1
train1691.jpeg,1
train1692.jpeg,1
train1693.jpeg,0
train1694.jpeg,1
train1695.jpeg,1
train1696.jpeg,0
train1697.jpeg,0
train1698.jpeg,1
train1699.jpeg,1
train1700.jpeg,1
train1701.jpeg,0
train1702.jpeg,1
train1703.jpeg,1
train1704.jpeg,0
train1705.jpeg,0
train1706.jpeg,0
train1707.jpeg,0
train1708.jpeg,1
train1709.jpeg,0
train1710.jpeg,1
train1711.jpeg,0
train1712.jpeg,1
train1713.jpeg,0
train1714.jpeg,1
train1715.jpeg,1
train1716.jpeg,1
train1717.jpeg,0
train1718.jpeg,1
train1719.jpeg,1
train1720.jpeg,0
train1721.jpeg,0
train1722.jpeg,1
train1723.jpeg,0
train1724.jpeg,0
train1725.jpeg,0
train1726.jpeg,1
train1727.jpeg,0
train1728.jpeg,0
train1729.jpeg,0
train1730.jpeg,1
train1731.jpeg,1
train1732.jpeg,0
train1733.jpeg,1
train1734.jpeg,1
train1735.jpeg,0
train1736.jpeg,0
train1737.jpeg,0
train1738.jpeg,1
train1739.jpeg,1
train1740.jpeg,1
train1741.jpeg,1
train1742.jpeg,1
train1743.jpeg,1
train1744.jpeg,1
train1745.jpeg,1
train1746.jpeg,1
train1747.jpeg,1
train1748.jpeg,1
train1749.jpeg,1
train1750.jpeg,0
train1751.jpeg,0
train1752.jpeg,0
train1753.jpeg,1
train1754.jpeg,1
train1755.jpeg,0
train1756.jpeg,1
train1757.jpeg,1
train1758.jpeg,0
train1759.jpeg,1
train1760.jpeg,1
train1761.jpeg,1
train1762.jpeg,1
train1763.jpeg,1
train1764.jpeg,0
train1765.jpeg,1
train1766.jpeg,1
train1767.jpeg,0
train1768.jpeg,0
train1769.jpeg,0
train1770.jpeg,0
train1771.jpeg,0
train1772.jpeg,1
train1773.jpeg,1
train1774.jpeg,0
train1775.jpeg,1
train1776.jpeg,1
train1777.jpeg,0
train1778.jpeg,0
train1779.jpeg,0
train1780.jpeg,0
train1781.jpeg,1
train1782.jpeg,0
train1783.jpeg,0
train1784.jpeg,1
train1785.jpeg,1
train1786.jpeg,0
train1787.jpeg,1
train1788.jpeg,0
train1789.jpeg,0
train1790.jpeg,0
train1791.jpeg,1
train1792.jpeg,1
train1793.jpeg,0
train1794.jpeg,0
train1795.jpeg,1
train1796.jpeg,1
train1797.jpeg,1
train1798.jpeg,1
train1799.jpeg,1
train1800.jpeg,0
train1801.jpeg,1
train1802.jpeg,0
train1803.jpeg,1
train1804.jpeg,0
train1805.jpeg,1
train1806.jpeg,0
train1807.jpeg,1
train1808.jpeg,1
train1809.jpeg,0
train1810.jpeg,0
train1811.jpeg,1
train1812.jpeg,1
train1813.jpeg,1
train1814.jpeg,0
train1815.jpeg,0
train1816.jpeg,0
train1817.jpeg,0
train1818.jpeg,0
train1819.jpeg,1
train1820.jpeg,0
train1821.jpeg,1
train1822.jpeg,1
train1823.jpeg,0
train1824.jpeg,1
train1825.jpeg,1
train1826.jpeg,0
train1827.jpeg,0
train1828.jpeg,0
train1829.jpeg,1
train1830.jpeg,1
train1831.jpeg,0
train1832.jpeg,1
train1833.jpeg,1
train1834.jpeg,1
train1835.jpeg,1
train1836.jpeg,0
train1837.jpeg,0
train1838.jpeg,1
train1839.jpeg,1
train1840.jpeg,1
train1841.jpeg,1
train1842.jpeg,1
train1843.jpeg,1
train1844.jpeg,0
train1845.jpeg,1
train1846.jpeg,0
train1847.jpeg,0
train1848.jpeg,1
train1849.jpeg,1
train1850.jpeg,1
train1851.jpeg,0
train1852.jpeg,1
train1853.jpeg,1
train1854.jpeg,0
train1855.jpeg,0
train1856.jpeg,0
train1857.jpeg,0
train1858.jpeg,0
train1859.jpeg,0
train1860.jpeg,0
train1861.jpeg,1
train1862.jpeg,0
train1863.jpeg,1
train1864.jpeg,1
train1865.jpeg,0
train1866.jpeg,1
train1867.jpeg,1
train1868.jpeg,1
train1869.jpeg,0
train1870.jpeg,0
train1871.jpeg,0
train1872.jpeg,0
train1873.jpeg,1
train1874.jpeg,0
train1875.jpeg,1
train1876.jpeg,1
train1877.jpeg,0
train1878.jpeg,1
train1879.jpeg,0
train1880.jpeg,1
train1881.jpeg,1
train1882.jpeg,0
train1883.jpeg,0
train1884.jpeg,0
train1885.jpeg,0
train1886.jpeg,1
train1887.jpeg,0
train1888.jpeg,1
train1889.jpeg,1
train1890.jpeg,0
train1891.jpeg,0
train1892.jpeg,1
train1893.jpeg,1
train1894.jpeg,0
train1895.jpeg,1
train1896.jpeg,1
train1897.jpeg,1
train1898.jpeg,0
train1899.jpeg,0
train1900.jpeg,0
train1901.jpeg,1
train1902.jpeg,0
train1903.jpeg,1
train1904.jpeg,0
train1905.jpeg,1
train1906.jpeg,0
train1907.jpeg,0
train1908.jpeg,0
train1909.jpeg,1
train1910.jpeg,0
train1911.jpeg,0
train1912.jpeg,1
train1913.jpeg,1
train1914.jpeg,1
train1915.jpeg,1
train1916.jpeg,0
train1917.jpeg,0
train1918.jpeg,0
train1919.jpeg,1
train1920.jpeg,0
train1921.jpeg,1
train1922.jpeg,1
train1923.jpeg,0
train1924.jpeg,0
train1925.jpeg,0
train1926.jpeg,0
train1927.jpeg,0
train1928.jpeg,1
train1929.jpeg,0
train1930.jpeg,1
train1931.jpeg,1
train1932.jpeg,0
train1933.jpeg,0
train1934.jpeg,0
train1935.jpeg,0
train1936.jpeg,0
train1937.jpeg,1
train1938.jpeg,1
train1939.jpeg,1
train1940.jpeg,1
train1941.jpeg,1
train1942.jpeg,1
train1943.jpeg,1
train1944.jpeg,0
train1945.jpeg,1
train1946.jpeg,0
train1947.jpeg,1
train1948.jpeg,0
train1949.jpeg,0
train1950.jpeg,1
train1951.jpeg,1
train1952.jpeg,0
train1953.jpeg,1
train1954.jpeg,1
train1955.jpeg,0
train1956.jpeg,1
train1957.jpeg,1
train1958.jpeg,0
train1959.jpeg,0
train1960.jpeg,1
train1961.jpeg,1
train1962.jpeg,0
train1963.jpeg,0
train1964.jpeg,0
train1965.jpeg,0
train1966.jpeg,1
train1967.jpeg,1
train1968.jpeg,1
train1969.jpeg,0
train1970.jpeg,0
train1971.jpeg,0
train1972.jpeg,0
train1973.jpeg,1
train1974.jpeg,1
train1975.jpeg,0
train1976.jpeg,1
train1977.jpeg,1
train1978.jpeg,0
train1979.jpeg,0
train1980.jpeg,1
train1981.jpeg,1
train1982.jpeg,1
train1983.jpeg,1
train1984.jpeg,1
train1985.jpeg,0
train1986.jpeg,1
train1987.jpeg,1
train1988.jpeg,1
train1989.jpeg,1
train1990.jpeg,1
train1991.jpeg,0
train1992.jpeg,1
train1993.jpeg,0
train1994.jpeg,0
train1995.jpeg,0
train1996.jpeg,1
train1997.jpeg,0
train1998.jpeg,0
train1999.jpeg,1
train2000.jpeg,1
train2001.jpeg,1
train2002.jpeg,0
train2003.jpeg,1
train2004.jpeg,1
train2005.jpeg,1
train2006.jpeg,1
train2007.jpeg,1
train2008.jpeg,0
train2009.jpeg,0
train2010.jpeg,0
train2011.jpeg,0
train2012.jpeg,1
train2013.jpeg,0
train2014.jpeg,0
train2015.jpeg,1
train2016.jpeg,1
train2017.jpeg,1
train2018.jpeg,1
train2019.jpeg,1
train2020.jpeg,0
train2021.jpeg,1
train2022.jpeg,1
train2023.jpeg,0
train2024.jpeg,1
train2025.jpeg,0
train2026.jpeg,1
train2027.jpeg,1
train2028.jpeg,1
train2029.jpeg,0
train2030.jpeg,0
train2031.jpeg,1
train2032.jpeg,1
train2033.jpeg,1
train2034.jpeg,0
train2035.jpeg,1
train2036.jpeg,0
train2037.jpeg,1
train2038.jpeg,0
train2039.jpeg,1
train2040.jpeg,1
train2041.jpeg,0
train2042.jpeg,0
train2043.jpeg,0
train2044.jpeg,0
train2045.jpeg,1
train2046.jpeg,1
train2047.jpeg,0
train2048.jpeg,0
train2049.jpeg,1
train2050.jpeg,0
train2051.jpeg,0
train2052.jpeg,1
train2053.jpeg,0
train2054.jpeg,0
train2055.jpeg,0
train2056.jpeg,0
train2057.jpeg,0
train2058.jpeg,0
train2059.jpeg,0
train2060.jpeg,1
train2061.jpeg,0
train2062.jpeg,1
train2063.jpeg,1
train2064.jpeg,1
train2065.jpeg,0
train2066.jpeg,1
train2067.jpeg,0
train2068.jpeg,1
train2069.jpeg,0
train2070.jpeg,0
train2071.jpeg,1
train2072.jpeg,1
train2073.jpeg,0
train2074.jpeg,1
train2075.jpeg,1
train2076.jpeg,1
train2077.jpeg,0
train2078.jpeg,1
train2079.jpeg,0
train2080.jpeg,1
train2081.jpeg,1
train2082.jpeg,1
train2083.jpeg,0
train2084.jpeg,1
train2085.jpeg,1
train2086.jpeg,0
train2087.jpeg,0
train2088.jpeg,1
train2089.jpeg,0
train2090.jpeg,0
train2091.jpeg,1
train2092.jpeg,0
train2093.jpeg,0
train2094.jpeg,0
train2095.jpeg,1
train2096.jpeg,1
train2097.jpeg,1
train2098.jpeg,0
train2099.jpeg,0
train2100.jpeg,1
train2101.jpeg,0
train2102.jpeg,0
train2103.jpeg,0
train2104.jpeg,1
train2105.jpeg,1
train2106.jpeg,0
train2107.jpeg,0
train2108.jpeg,0
train2109.jpeg,1
train2110.jpeg,0
train2111.jpeg,0
train2112.jpeg,0
train2113.jpeg,0
train2114.jpeg,1
train2115.jpeg,1
train2116.jpeg,0
train2117.jpeg,0
train2118.jpeg,1
train2119.jpeg,0
train2120.jpeg,0
train2121.jpeg,1
train2122.jpeg,1
train2123.jpeg,1
train2124.jpeg,1
train2125.jpeg,0
train2126.jpeg,1
train2127.jpeg,1
train2128.jpeg,1
train2129.jpeg,0
train2130.jpeg,1
train2131.jpeg,0
train2132.jpeg,1
train2133.jpeg,0
train2134.jpeg,1
train2135.jpeg,1
train2136.jpeg,0
train2137.jpeg,1
train2138.jpeg,0
train2139.jpeg,0
train2140.jpeg,1
train2141.jpeg,0
train2142.jpeg,0
train2143.jpeg,1
train2144.jpeg,1
train2145.jpeg,1
train2146.jpeg,0
train2147.jpeg,1
train2148.jpeg,0
train2149.jpeg,1
train2150.jpeg,0
train2151.jpeg,0
train2152.jpeg,1
train2153.jpeg,0
train2154.jpeg,1
train2155.jpeg,0
train2156.jpeg,1
train2157.jpeg,0
train2158.jpeg,1
train2159.jpeg,1
train2160.jpeg,0
train2161.jpeg,1
train2162.jpeg,1
train2163.jpeg,0
train2164.jpeg,1
train2165.jpeg,1
train2166.jpeg,1
train2167.jpeg,1
train2168.jpeg,1
train2169.jpeg,0
train2170.jpeg,1
train2171.jpeg,0
train2172.jpeg,0
train2173.jpeg,0
train2174.jpeg,1
train2175.jpeg,0
train2176.jpeg,0
train2177.jpeg,0
train2178.jpeg,1
train2179.jpeg,0
train2180.jpeg,1
train2181.jpeg,0
train2182.jpeg,0
train2183.jpeg,1
train2184.jpeg,1
train2185.jpeg,0
train2186.jpeg,1
train2187.jpeg,1
train2188.jpeg,1
train2189.jpeg,1
train2190.jpeg,1
train2191.jpeg,0
train2192.jpeg,0
train2193.jpeg,0
train2194.jpeg,1
train2195.jpeg,1
train2196.jpeg,1
train2197.jpeg,0
train2198.jpeg,0
train2199.jpeg,1
train2200.jpeg,1
train2201.jpeg,1
train2202.jpeg,1
train2203.jpeg,1
train2204.jpeg,1
train2205.jpeg,0
train2206.jpeg,1
train2207.jpeg,0
train2208.jpeg,0
train2209.jpeg,0
train2210.jpeg,1
train2211.jpeg,0
train2212.jpeg,0
train2213.jpeg,1
train2214.jpeg,0
train2215.jpeg,1
train2216.jpeg,0
train2217.jpeg,0
train2218.jpeg,1
train2219.jpeg,1
train2220.jpeg,0
train2221.jpeg,0
train2222.jpeg,1
train2223.jpeg,1
train2224.jpeg,1
train2225.jpeg,0
train2226.jpeg,0
train2227.jpeg,1
train2228.jpeg,0
train2229.jpeg,0
train2230.jpeg,1
train2231.jpeg,1
train2232.jpeg,0
train2233.jpeg,0
train2234.jpeg,1
train2235.jpeg,1
train2236.jpeg,1
train2237.jpeg,0
train2238.jpeg,1
train2239.jpeg,1
train2240.jpeg,1
train2241.jpeg,1
train2242.jpeg,0
train2243.jpeg,1
train2244.jpeg,1
train2245.jpeg,0
train2246.jpeg,1
train2247.jpeg,1
train2248.jpeg,0
train2249.jpeg,1
train2250.jpeg,0
train2251.jpeg,1
train2252.jpeg,1
train2253.jpeg,0
train2254.jpeg,0
train2255.jpeg,1
train2256.jpeg,1
train2257.jpeg,0
train2258.jpeg,0
train2259.jpeg,1
train2260.jpeg,1
train2261.jpeg,0
train2262.jpeg,0
train2263.jpeg,1
train2264.jpeg,0
train2265.jpeg,1
train2266.jpeg,0
train2267.jpeg,1
train2268.jpeg,1
train2269.jpeg,1
train2270.jpeg,0
train2271.jpeg,0
train2272.jpeg,1
train2273.jpeg,0
train2274.jpeg,0
train2275.jpeg,1
train2276.jpeg,0
train2277.jpeg,0
train2278.jpeg,1
train2279.jpeg,0
train2280.jpeg,1
train2281.jpeg,0
train2282.jpeg,1
train2283.jpeg,1
train2284.jpeg,0
train2285.jpeg,0
train2286.jpeg,0
train2287.jpeg,1
train2288.jpeg,0
train2289.jpeg,1
train2290.jpeg,1
train2291.jpeg,1
train2292.jpeg,0
train2293.jpeg,0
train2294.jpeg,1
train2295.jpeg,1
train2296.jpeg,1
train2297.jpeg,1
train2298.jpeg,1
train2299.jpeg,0
train2300.jpeg,0
train2301.jpeg,1
train2302.jpeg,0
train2303.jpeg,0
train2304.jpeg,0
train2305.jpeg,1
train2306.jpeg,0
train2307.jpeg,0
train2308.jpeg,1
train2309.jpeg,1
train2310.jpeg,0
train2311.jpeg,1
train2312.jpeg,1
train2313.jpeg,0
train2314.jpeg,0
train2315.jpeg,0
train2316.jpeg,0
train2317.jpeg,1
train2318.jpeg,0
train2319.jpeg,0
train2320.jpeg,1
train2321.jpeg,0
train2322.jpeg,1
train2323.jpeg,1
train2324.jpeg,0
train2325.jpeg,0
train2326.jpeg,1
train2327.jpeg,1
train2328.jpeg,1
train2329.jpeg,1
train2330.jpeg,1
train2331.jpeg,1
train2332.jpeg,0
train2333.jpeg,1
train2334.jpeg,1
train2335.jpeg,0
train2336.jpeg,1
train2337.jpeg,0
train2338.jpeg,0
train2339.jpeg,1
train2340.jpeg,0
train2341.jpeg,1
train2342.jpeg,1
train2343.jpeg,1
train2344.jpeg,0
train2345.jpeg,1
train2346.jpeg,1
train2347.jpeg,1
train2348.jpeg,0
train2349.jpeg,0
train2350.jpeg,0
train2351.jpeg,1
train2352.jpeg,1
train2353.jpeg,1
train2354.jpeg,0
train2355.jpeg,1
train2356.jpeg,0
train2357.jpeg,0
train2358.jpeg,1
train2359.jpeg,1
train2360.jpeg,0
train2361.jpeg,0
train2362.jpeg,1
train2363.jpeg,1
train2364.jpeg,0
train2365.jpeg,0
train2366.jpeg,0
train2367.jpeg,0
train2368.jpeg,1
train2369.jpeg,0
train2370.jpeg,1
train2371.jpeg,0
train2372.jpeg,0
train2373.jpeg,1
train2374.jpeg,1
train2375.jpeg,0
train2376.jpeg,1
train2377.jpeg,1
train2378.jpeg,1
train2379.jpeg,0
train2380.jpeg,1
train2381.jpeg,0
train2382.jpeg,0
train2383.jpeg,0
train2384.jpeg,1
train2385.jpeg,1
train2386.jpeg,0
train2387.jpeg,1
train2388.jpeg,0
train2389.jpeg,1
train2390.jpeg,1
train2391.jpeg,0
train2392.jpeg,1
train2393.jpeg,0
train2394.jpeg,0
train2395.jpeg,1
train2396.jpeg,0
train2397.jpeg,1
train2398.jpeg,0
train2399.jpeg,1
train2400.jpeg,1
train2401.jpeg,0
train2402.jpeg,0
train2403.jpeg,0
train2404.jpeg,0
train2405.jpeg,0
train2406.jpeg,1
train2407.jpeg,0
train2408.jpeg,0
train2409.jpeg,0
train2410.jpeg,0
train2411.jpeg,1
train2412.jpeg,1
train2413.jpeg,0
train2414.jpeg,0
train2415.jpeg,0
train2416.jpeg,1
train2417.jpeg,1
train2418.jpeg,1
train2419.jpeg,0
train2420.jpeg,0
train2421.jpeg,1
train2422.jpeg,0
train2423.jpeg,1
train2424.jpeg,1
train2425.jpeg,1
train2426.jpeg,0
train2427.jpeg,0
train2428.jpeg,1
train2429.jpeg,0
train2430.jpeg,1
train2431.jpeg,0
train2432.jpeg,1
train2433.jpeg,0
train2434.jpeg,0
train2435.jpeg,0
train2436.jpeg,1
train2437.jpeg,1
train2438.jpeg,1
train2439.jpeg,1
train2440.jpeg,1
train2441.jpeg,0
train2442.jpeg,1
train2443.jpeg,0
train2444.jpeg,1
train2445.jpeg,0
train2446.jpeg,0
train2447.jpeg,0
train2448.jpeg,1
train2449.jpeg,0
train2450.jpeg,0
train2451.jpeg,0
train2452.jpeg,0
train2453.jpeg,1
train2454.jpeg,0
train2455.jpeg,0
train2456.jpeg,1
train2457.jpeg,1
train2458.jpeg,0
train2459.jpeg,0
train2460.jpeg,0
train2461.jpeg,1
train2462.jpeg,0
train2463.jpeg,1
train2464.jpeg,0
train2465.jpeg,1
train2466.jpeg,0
train2467.jpeg,0
train2468.jpeg,1
train2469.jpeg,1
train2470.jpeg,0
train2471.jpeg,0
train2472.jpeg,0
train2473.jpeg,0
train2474.jpeg,0
train2475.jpeg,1
train2476.jpeg,0
train2477.jpeg,1
train2478.jpeg,1
train2479.jpeg,1
train2480.jpeg,0
train2481.jpeg,0
train2482.jpeg,0
train2483.jpeg,1
train2484.jpeg,1
train2485.jpeg,0
train2486.jpeg,1
train2487.jpeg,1
train2488.jpeg,0
train2489.jpeg,0
train2490.jpeg,0
train2491.jpeg,1
train2492.jpeg,0
train2493.jpeg,1
train2494.jpeg,0
train2495.jpeg,0
train2496.jpeg,1
train2497.jpeg,1
train2498.jpeg,1
train2499.jpeg,1
train2500.jpeg,1
train2501.jpeg,1
train2502.jpeg,1
train2503.jpeg,1
train2504.jpeg,0
train2505.jpeg,0
train2506.jpeg,0
train2507.jpeg,1
train2508.jpeg,1
train2509.jpeg,1
train2510.jpeg,1
train2511.jpeg,0
train2512.jpeg,1
train2513.jpeg,1
train2514.jpeg,1
train2515.jpeg,1
train2516.jpeg,0
train2517.jpeg,0
train2518.jpeg,1
train2519.jpeg,1
train2520.jpeg,0
train2521.jpeg,1
train2522.jpeg,0
train2523.jpeg,0
train2524.jpeg,1
train2525.jpeg,0
train2526.jpeg,1
train2527.jpeg,1
train2528.jpeg,1
train2529.jpeg,0
train2530.jpeg,0
train2531.jpeg,1
train2532.jpeg,0
train2533.jpeg,0
train2534.jpeg,1
train2535.jpeg,0
train2536.jpeg,1
train2537.jpeg,0
train2538.jpeg,1
train2539.jpeg,0
train2540.jpeg,0
train2541.jpeg,1
train2542.jpeg,1
train2543.jpeg,1
train2544.jpeg,0
train2545.jpeg,1
train2546.jpeg,0
train2547.jpeg,1
train2548.jpeg,1
train2549.jpeg,1
train2550.jpeg,0
train2551.jpeg,1
train2552.jpeg,1
train2553.jpeg,1
train2554.jpeg,1
train2555.jpeg,1
train2556.jpeg,0
train2557.jpeg,0
train2558.jpeg,1
train2559.jpeg,0
train2560.jpeg,1
train2561.jpeg,1
train2562.jpeg,0
train2563.jpeg,0
train2564.jpeg,1
train2565.jpeg,0
train2566.jpeg,1
train2567.jpeg,1
train2568.jpeg,1
train2569.jpeg,1
train2570.jpeg,0
train2571.jpeg,1
train2572.jpeg,1
train2573.jpeg,0
train2574.jpeg,1
train2575.jpeg,1
train2576.jpeg,1
train2577.jpeg,1
train2578.jpeg,1
train2579.jpeg,1
train2580.jpeg,0
train2581.jpeg,0
train2582.jpeg,0
train2583.jpeg,1
train2584.jpeg,0
train2585.jpeg,1
train2586.jpeg,0
train2587.jpeg,1
train2588.jpeg,0
train2589.jpeg,1
train2590.jpeg,0
train2591.jpeg,1
train2592.jpeg,1
train2593.jpeg,1
train2594.jpeg,0
train2595.jpeg,1
train2596.jpeg,1
train2597.jpeg,0
train2598.jpeg,1
train2599.jpeg,1
train2600.jpeg,0
train2601.jpeg,1
train2602.jpeg,0
train2603.jpeg,0
train2604.jpeg,0
train2605.jpeg,0
train2606.jpeg,1
train2607.jpeg,0
train2608.jpeg,1
train2609.jpeg,1
train2610.jpeg,0
train2611.jpeg,1
train2612.jpeg,1
train2613.jpeg,1
train2614.jpeg,1
train2615.jpeg,1
train2616.jpeg,0
train2617.jpeg,0
train2618.jpeg,1
train2619.jpeg,0
train2620.jpeg,0
train2621.jpeg,0
train2622.jpeg,1
train2623.jpeg,0
train2624.jpeg,1
train2625.jpeg,0
train2626.jpeg,1
train2627.jpeg,0
train2628.jpeg,1
train2629.jpeg,0
train2630.jpeg,1
train2631.jpeg,1
train2632.jpeg,1
train2633.jpeg,1
train2634.jpeg,1
train2635.jpeg,0
train2636.jpeg,0
train2637.jpeg,1
train2638.jpeg,0
train2639.jpeg,1
train2640.jpeg,1
train2641.jpeg,0
train2642.jpeg,0
train2643.jpeg,0
train2644.jpeg,0
train2645.jpeg,1
train2646.jpeg,1
train2647.jpeg,1
train2648.jpeg,1
train2649.jpeg,1
train2650.jpeg,1
train2651.jpeg,1
train2652.jpeg,0
train2653.jpeg,1
train2654.jpeg,0
train2655.jpeg,0
train2656.jpeg,0
train2657.jpeg,0
train2658.jpeg,1
train2659.jpeg,0
train2660.jpeg,1
train2661.jpeg,1
train2662.jpeg,0
train2663.jpeg,0
train2664.jpeg,0
train2665.jpeg,1
train2666.jpeg,1
train2667.jpeg,1
train2668.jpeg,0
train2669.jpeg,0
train2670.jpeg,1
train2671.jpeg,1
train2672.jpeg,0
train2673.jpeg,0
train2674.jpeg,1
train2675.jpeg,1
train2676.jpeg,0
train2677.jpeg,0
train2678.jpeg,1
train2679.jpeg,1
train2680.jpeg,0
train2681.jpeg,0
train2682.jpeg,0
train2683.jpeg,1
train2684.jpeg,1
train2685.jpeg,1
train2686.jpeg,0
train2687.jpeg,0
train2688.jpeg,1
train2689.jpeg,1
train2690.jpeg,1
train2691.jpeg,1
train2692.jpeg,0
train2693.jpeg,1
train2694.jpeg,1
train2695.jpeg,0
train2696.jpeg,0
train2697.jpeg,1
train2698.jpeg,1
train2699.jpeg,0
train2700.jpeg,0
train2701.jpeg,0
train2702.jpeg,1
train2703.jpeg,1
train2704.jpeg,1
train2705.jpeg,0
train2706.jpeg,1
train2707.jpeg,0
train2708.jpeg,1
train2709.jpeg,0
train2710.jpeg,1
train2711.jpeg,0
train2712.jpeg,1
train2713.jpeg,0
train2714.jpeg,1
train2715.jpeg,1
train2716.jpeg,0
train2717.jpeg,1
train2718.jpeg,1
train2719.jpeg,0
train2720.jpeg,0
train2721.jpeg,0
train2722.jpeg,1
train2723.jpeg,1
train2724.jpeg,1
train2725.jpeg,0
train2726.jpeg,0
train2727.jpeg,0
train2728.jpeg,0
train2729.jpeg,1
train2730.jpeg,1
train2731.jpeg,0
train2732.jpeg,0
train2733.jpeg,1
train2734.jpeg,1
train2735.jpeg,1
train2736.jpeg,1
train2737.jpeg,1
train2738.jpeg,0
train2739.jpeg,1
train2740.jpeg,0
train2741.jpeg,1
train2742.jpeg,0
train2743.jpeg,1
train2744.jpeg,1
train2745.jpeg,0
train2746.jpeg,1
train2747.jpeg,1
train2748.jpeg,0
train2749.jpeg,0
train2750.jpeg,0
train2751.jpeg,1
train2752.jpeg,1
train2753.jpeg,0
train2754.jpeg,0
train2755.jpeg,0
train2756.jpeg,0
train2757.jpeg,0
train2758.jpeg,1
train2759.jpeg,0
train2760.jpeg,1
train2761.jpeg,1
train2762.jpeg,1
train2763.jpeg,0
train2764.jpeg,1
train2765.jpeg,1
train2766.jpeg,0
train2767.jpeg,0
train2768.jpeg,1
train2769.jpeg,0
train2770.jpeg,0
train2771.jpeg,0
train2772.jpeg,1
train2773.jpeg,1
train2774.jpeg,1
train2775.jpeg,1
train2776.jpeg,1
train2777.jpeg,0
train2778.jpeg,1
train2779.jpeg,0
train2780.jpeg,1
train2781.jpeg,0
train2782.jpeg,1
train2783.jpeg,1
train2784.jpeg,1
train2785.jpeg,1
train2786.jpeg,1
train2787.jpeg,0
train2788.jpeg,0
train2789.jpeg,1
train2790.jpeg,1
train2791.jpeg,1
train2792.jpeg,1
train2793.jpeg,1
train2794.jpeg,1
train2795.jpeg,1
train2796.jpeg,1
train2797.jpeg,1
train2798.jpeg,0
train2799.jpeg,1
train2800.jpeg,0
train2801.jpeg,1
train2802.jpeg,1
train2803.jpeg,1
train2804.jpeg,1
train2805.jpeg,1
train2806.jpeg,1
train2807.jpeg,1
train2808.jpeg,1
train2809.jpeg,1
train2810.jpeg,0
train2811.jpeg,0
train2812.jpeg,0
train2813.jpeg,1
train2814.jpeg,0
train2815.jpeg,1
train2816.jpeg,1
train2817.jpeg,1
train2818.jpeg,0
train2819.jpeg,1
train2820.jpeg,1
train2821.jpeg,0
train2822.jpeg,1
train2823.jpeg,0
train2824.jpeg,0
train2825.jpeg,1
train2826.jpeg,1
train2827.jpeg,0
train2828.jpeg,0
train2829.jpeg,0
train2830.jpeg,0
train2831.jpeg,0
train2832.jpeg,1
train2833.jpeg,1
train2834.jpeg,1
train2835.jpeg,1
train2836.jpeg,0
train2837.jpeg,0
train2838.jpeg,0
train2839.jpeg,0
train2840.jpeg,1
train2841.jpeg,1
train2842.jpeg,1
train2843.jpeg,1
train2844.jpeg,1
train2845.jpeg,0
train2846.jpeg,0
train2847.jpeg,1
train2848.jpeg,1
train2849.jpeg,1
train2850.jpeg,0
train2851.jpeg,1
train2852.jpeg,1
train2853.jpeg,0
train2854.jpeg,0
train2855.jpeg,1
train2856.jpeg,1
train2857.jpeg,1
train2858.jpeg,0
train2859.jpeg,0
train2860.jpeg,0
train2861.jpeg,1
train2862.jpeg,1
train2863.jpeg,1
train2864.jpeg,1
train2865.jpeg,0
train2866.jpeg,1
train2867.jpeg,0
train2868.jpeg,1
train2869.jpeg,0
train2870.jpeg,1
train2871.jpeg,0
train2872.jpeg,0
train2873.jpeg,0
train2874.jpeg,0
train2875.jpeg,1
train2876.jpeg,1
train2877.jpeg,0
train2878.jpeg,1
train2879.jpeg,0
train2880.jpeg,0
train2881.jpeg,0
train2882.jpeg,0
train2883.jpeg,1
train2884.jpeg,0
train2885.jpeg,0
train2886.jpeg,1
train2887.jpeg,0
train2888.jpeg,0
train2889.jpeg,0
train2890.jpeg,0
train2891.jpeg,0
train2892.jpeg,1
train2893.jpeg,1
train2894.jpeg,1
train2895.jpeg,0
train2896.jpeg,1
train2897.jpeg,1
train2898.jpeg,0
train2899.jpeg,0
train2900.jpeg,1
train2901.jpeg,0
train2902.jpeg,0
train2903.jpeg,0
train2904.jpeg,1
train2905.jpeg,1
train2906.jpeg,1
train2907.jpeg,0
train2908.jpeg,1
train2909.jpeg,0
train2910.jpeg,1
train2911.jpeg,1
train2912.jpeg,1
train2913.jpeg,0
train2914.jpeg,1
train2915.jpeg,0
train2916.jpeg,1
train2917.jpeg,1
train2918.jpeg,0
train2919.jpeg,1
train2920.jpeg,0
train2921.jpeg,1
train2922.jpeg,0
train2923.jpeg,1
train2924.jpeg,1
train2925.jpeg,1
train2926.jpeg,1
train2927.jpeg,0
train2928.jpeg,0
train2929.jpeg,0
train2930.jpeg,0
train2931.jpeg,1
train2932.jpeg,1
train2933.jpeg,0
train2934.jpeg,1
train2935.jpeg,1
train2936.jpeg,1
train2937.jpeg,0
train2938.jpeg,1
train2939.jpeg,1
train2940.jpeg,0
train2941.jpeg,0
train2942.jpeg,1
train2943.jpeg,0
train2944.jpeg,1
train2945.jpeg,1
train2946.jpeg,0
train2947.jpeg,1
train2948.jpeg,1
train2949.jpeg,0
train2950.jpeg,0
train2951.jpeg,0
train2952.jpeg,1
train2953.jpeg,0
train2954.jpeg,1
train2955.jpeg,1
train2956.jpeg,0
train2957.jpeg,0
train2958.jpeg,1
train2959.jpeg,0
train2960.jpeg,0
train2961.jpeg,1
train2962.jpeg,1
train2963.jpeg,0
train2964.jpeg,1
train2965.jpeg,1
train2966.jpeg,1
train2967.jpeg,1
train2968.jpeg,0
train2969.jpeg,1
train2970.jpeg,1
train2971.jpeg,1
train2972.jpeg,1
train2973.jpeg,1
train2974.jpeg,0
train2975.jpeg,1
train2976.jpeg,1
train2977.jpeg,0
train2978.jpeg,1
train2979.jpeg,1
train2980.jpeg,1
train2981.jpeg,0
train2982.jpeg,1
train2983.jpeg,0
train2984.jpeg,1
train2985.jpeg,0
train2986.jpeg,1
train2987.jpeg,1
train2988.jpeg,1
train2989.jpeg,1
train2990.jpeg,1
train2991.jpeg,1
train2992.jpeg,1
train2993.jpeg,1
train2994.jpeg,1
train2995.jpeg,0
train2996.jpeg,0
train2997.jpeg,0
train2998.jpeg,1
train2999.jpeg,1
train3000.jpeg,0
train3001.jpeg,1
train3002.jpeg,0
train3003.jpeg,1
train3004.jpeg,1
train3005.jpeg,1
train3006.jpeg,1
train3007.jpeg,1
train3008.jpeg,1
train3009.jpeg,1
train3010.jpeg,1
train3011.jpeg,1
train3012.jpeg,0
train3013.jpeg,0
train3014.jpeg,1
train3015.jpeg,1
train3016.jpeg,0
train3017.jpeg,1
train3018.jpeg,0
train3019.jpeg,0
train3020.jpeg,0
train3021.jpeg,1
train3022.jpeg,0
train3023.jpeg,1
train3024.jpeg,0
train3025.jpeg,0
train3026.jpeg,1
train3027.jpeg,0
train3028.jpeg,1
train3029.jpeg,0
train3030.jpeg,1
train3031.jpeg,1
train3032.jpeg,1
train3033.jpeg,1
train3034.jpeg,1
train3035.jpeg,0
train3036.jpeg,0
train3037.jpeg,1
train3038.jpeg,1
train3039.jpeg,1
train3040.jpeg,0
train3041.jpeg,0
train3042.jpeg,1
train3043.jpeg,0
train3044.jpeg,0
train3045.jpeg,1
train3046.jpeg,1
train3047.jpeg,0
train3048.jpeg,1
train3049.jpeg,0
train3050.jpeg,1
train3051.jpeg,1
train3052.jpeg,0
train3053.jpeg,0
train3054.jpeg,0
train3055.jpeg,1
train3056.jpeg,1
train3057.jpeg,0
train3058.jpeg,1
train3059.jpeg,1
train3060.jpeg,0
train3061.jpeg,1
train3062.jpeg,0
train3063.jpeg,0
train3064.jpeg,1
train3065.jpeg,0
train3066.jpeg,0
train3067.jpeg,0
train3068.jpeg,1
train3069.jpeg,0
train3070.jpeg,0
train3071.jpeg,0
train3072.jpeg,1
train3073.jpeg,1
train3074.jpeg,1
train3075.jpeg,1
train3076.jpeg,1
train3077.jpeg,1
train3078.jpeg,1
train3079.jpeg,0
train3080.jpeg,0
train3081.jpeg,1
train3082.jpeg,0
train3083.jpeg,1
train3084.jpeg,1
train3085.jpeg,0
train3086.jpeg,0
train3087.jpeg,1
train3088.jpeg,1
train3089.jpeg,1
train3090.jpeg,0
train3091.jpeg,0
train3092.jpeg,1
train3093.jpeg,1
train3094.jpeg,0
train3095.jpeg,0
train3096.jpeg,1
train3097.jpeg,1
train3098.jpeg,1
train3099.jpeg,1
train3100.jpeg,1
train3101.jpeg,0
train3102.jpeg,0
train3103.jpeg,1
train3104.jpeg,1
train3105.jpeg,1
train3106.jpeg,0
train3107.jpeg,0
train3108.jpeg,0
train3109.jpeg,0
train3110.jpeg,1
train3111.jpeg,1
train3112.jpeg,0
train3113.jpeg,1
train3114.jpeg,0
train3115.jpeg,0
train3116.jpeg,1
train3117.jpeg,0
train3118.jpeg,1
train3119.jpeg,1
train3120.jpeg,1
train3121.jpeg,0
train3122.jpeg,1
train3123.jpeg,0
train3124.jpeg,1
train3125.jpeg,1
train3126.jpeg,1
train3127.jpeg,0
train3128.jpeg,1
train3129.jpeg,1
train3130.jpeg,0
train3131.jpeg,0
train3132.jpeg,0
train3133.jpeg,0
train3134.jpeg,1
train3135.jpeg,1
train3136.jpeg,1
train3137.jpeg,0
train3138.jpeg,1
train3139.jpeg,0
train3140.jpeg,0
train3141.jpeg,0
train3142.jpeg,1
train3143.jpeg,1
train3144.jpeg,1
train3145.jpeg,1
train3146.jpeg,1
train3147.jpeg,0
train3148.jpeg,0
train3149.jpeg,0
train3150.jpeg,0
train3151.jpeg,0
train3152.jpeg,0
train3153.jpeg,1
train3154.jpeg,1
train3155.jpeg,1
train3156.jpeg,1
train3157.jpeg,1
train3158.jpeg,1
train3159.jpeg,1
train3160.jpeg,1
train3161.jpeg,1
train3162.jpeg,1
train3163.jpeg,1
train3164.jpeg,0
train3165.jpeg,0
train3166.jpeg,1
train3167.jpeg,1
train3168.jpeg,1
train3169.jpeg,0
train3170.jpeg,1
train3171.jpeg,1
train3172.jpeg,0
train3173.jpeg,0
train3174.jpeg,1
train3175.jpeg,1
train3176.jpeg,0
train3177.jpeg,1
train3178.jpeg,1
train3179.jpeg,1
train3180.jpeg,0
train3181.jpeg,0
train3182.jpeg,1
train3183.jpeg,0
train3184.jpeg,1
train3185.jpeg,1
train3186.jpeg,0
train3187.jpeg,0
train3188.jpeg,1
train3189.jpeg,1
train3190.jpeg,1
train3191.jpeg,1
train3192.jpeg,0
train3193.jpeg,1
train3194.jpeg,1
train3195.jpeg,1
train3196.jpeg,0
train3197.jpeg,0
train3198.jpeg,0
train3199.jpeg,1
train3200.jpeg,0
train3201.jpeg,0
train3202.jpeg,1
train3203.jpeg,1
train3204.jpeg,1
train3205.jpeg,1
train3206.jpeg,0
train3207.jpeg,1
train3208.jpeg,1
train3209.jpeg,1
train3210.jpeg,1
train3211.jpeg,0
train3212.jpeg,1
train3213.jpeg,0
train3214.jpeg,0
train3215.jpeg,0
train3216.jpeg,0
train3217.jpeg,1
train3218.jpeg,0
train3219.jpeg,1
train3220.jpeg,0
train3221.jpeg,0
train3222.jpeg,1
train3223.jpeg,1
train3224.jpeg,0
train3225.jpeg,0
train3226.jpeg,1
train3227.jpeg,1
train3228.jpeg,1
train3229.jpeg,1
train3230.jpeg,1
train3231.jpeg,0
train3232.jpeg,0
train3233.jpeg,1
train3234.jpeg,1
train3235.jpeg,0
train3236.jpeg,0
train3237.jpeg,1
train3238.jpeg,0
train3239.jpeg,0
train3240.jpeg,1
train3241.jpeg,1
train3242.jpeg,1
train3243.jpeg,1
train3244.jpeg,1
train3245.jpeg,1
train3246.jpeg,1
train3247.jpeg,0
train3248.jpeg,1
train3249.jpeg,1
train3250.jpeg,0
train3251.jpeg,0
train3252.jpeg,1
train3253.jpeg,1
train3254.jpeg,0
train3255.jpeg,1
train3256.jpeg,0
train3257.jpeg,0
train3258.jpeg,0
train3259.jpeg,0
train3260.jpeg,1
train3261.jpeg,1
train3262.jpeg,0
train3263.jpeg,0
train3264.jpeg,1
train3265.jpeg,1
train3266.jpeg,0
train3267.jpeg,0
train3268.jpeg,0
train3269.jpeg,1
train3270.jpeg,1
train3271.jpeg,0
train3272.jpeg,0
train3273.jpeg,0
train3274.jpeg,1
train3275.jpeg,0
train3276.jpeg,0
train3277.jpeg,1
train3278.jpeg,0
train3279.jpeg,0
train3280.jpeg,1
train3281.jpeg,1
train3282.jpeg,1
train3283.jpeg,1
train3284.jpeg,1
train3285.jpeg,1
train3286.jpeg,1
train3287.jpeg,0
train3288.jpeg,1
train3289.jpeg,0
train3290.jpeg,1
train3291.jpeg,0
train3292.jpeg,0
train3293.jpeg,0
train3294.jpeg,1
train3295.jpeg,0
train3296.jpeg,1
train3297.jpeg,0
train3298.jpeg,0
train3299.jpeg,0
train3300.jpeg,0
train3301.jpeg,0
train3302.jpeg,1
train3303.jpeg,0
train3304.jpeg,1
train3305.jpeg,0
train3306.jpeg,1
train3307.jpeg,0
train3308.jpeg,0
train3309.jpeg,1
train3310.jpeg,0
train3311.jpeg,0
train3312.jpeg,1
train3313.jpeg,1
train3314.jpeg,1
train3315.jpeg,1
train3316.jpeg,1
train3317.jpeg,0
train3318.jpeg,0
train3319.jpeg,0
train3320.jpeg,0
train3321.jpeg,1
train3322.jpeg,0
train3323.jpeg,0
train3324.jpeg,0
train3325.jpeg,1
train3326.jpeg,0
train3327.jpeg,0
train3328.jpeg,1
train3329.jpeg,0
train3330.jpeg,1
train3331.jpeg,0
train3332.jpeg,0
train3333.jpeg,0
train3334.jpeg,1
train3335.jpeg,1
train3336.jpeg,1
train3337.jpeg,0
train3338.jpeg,1
train3339.jpeg,0
train3340.jpeg,0
train3341.jpeg,1
train3342.jpeg,0
train3343.jpeg,1
train3344.jpeg,1
train3345.jpeg,1
train3346.jpeg,0
train3347.jpeg,1
train3348.jpeg,0
train3349.jpeg,0
train3350.jpeg,1
train3351.jpeg,1
train3352.jpeg,1
train3353.jpeg,1
train3354.jpeg,0
train3355.jpeg,1
train3356.jpeg,0
train3357.jpeg,0
train3358.jpeg,1
train3359.jpeg,0
train3360.jpeg,0
train3361.jpeg,0
train3362.jpeg,1
train3363.jpeg,0
train3364.jpeg,1
train3365.jpeg,1
train3366.jpeg,0
train3367.jpeg,0
train3368.jpeg,1
train3369.jpeg,0
train3370.jpeg,0
train3371.jpeg,1
train3372.jpeg,1
train3373.jpeg,0
train3374.jpeg,0
train3375.jpeg,1
train3376.jpeg,1
train3377.jpeg,1
train3378.jpeg,1
train3379.jpeg,1
train3380.jpeg,0
train3381.jpeg,1
train3382.jpeg,0
train3383.jpeg,1
train3384.jpeg,1
train3385.jpeg,0
train3386.jpeg,0
train3387.jpeg,1
train3388.jpeg,0
train3389.jpeg,1
train3390.jpeg,0
train3391.jpeg,0
train3392.jpeg,0
train3393.jpeg,1
train3394.jpeg,1
train3395.jpeg,0
train3396.jpeg,1
train3397.jpeg,1
train3398.jpeg,0
train3399.jpeg,0
train3400.jpeg,1
train3401.jpeg,0
train3402.jpeg,0
train3403.jpeg,1
train3404.jpeg,0
train3405.jpeg,0
train3406.jpeg,0
train3407.jpeg,1
train3408.jpeg,0
train3409.jpeg,1
train3410.jpeg,1
train3411.jpeg,1
train3412.jpeg,1
train3413.jpeg,1
train3414.jpeg,0
train3415.jpeg,1
train3416.jpeg,0
train3417.jpeg,0
train3418.jpeg,1
train3419.jpeg,1
train3420.jpeg,1
train3421.jpeg,1
train3422.jpeg,0
train3423.jpeg,1
train3424.jpeg,0
train3425.jpeg,1
train3426.jpeg,1
train3427.jpeg,0
train3428.jpeg,1
train3429.jpeg,0
train3430.jpeg,1
train3431.jpeg,0
train3432.jpeg,0
train3433.jpeg,0
train3434.jpeg,1
train3435.jpeg,0
train3436.jpeg,1
train3437.jpeg,1
train3438.jpeg,1
train3439.jpeg,0
train3440.jpeg,0
train3441.jpeg,0
train3442.jpeg,1
train3443.jpeg,0
train3444.jpeg,1
train3445.jpeg,0
train3446.jpeg,1
train3447.jpeg,1
train3448.jpeg,1
train3449.jpeg,1
train3450.jpeg,1
train3451.jpeg,1
train3452.jpeg,1
train3453.jpeg,0
train3454.jpeg,1
train3455.jpeg,1
train3456.jpeg,1
train3457.jpeg,1
train3458.jpeg,1
train3459.jpeg,0
train3460.jpeg,1
train3461.jpeg,0
train3462.jpeg,0
train3463.jpeg,1
train3464.jpeg,0
train3465.jpeg,1
train3466.jpeg,0
train3467.jpeg,1
train3468.jpeg,1
train3469.jpeg,1
train3470.jpeg,0
train3471.jpeg,0
train3472.jpeg,0
train3473.jpeg,0
train3474.jpeg,1
train3475.jpeg,0
train3476.jpeg,1
train3477.jpeg,0
train3478.jpeg,0
train3479.jpeg,1
train3480.jpeg,1
train3481.jpeg,1
train3482.jpeg,1
train3483.jpeg,1
train3484.jpeg,1
train3485.jpeg,0
train3486.jpeg,1
train3487.jpeg,0
train3488.jpeg,0
train3489.jpeg,0
train3490.jpeg,1
train3491.jpeg,0
train3492.jpeg,1
train3493.jpeg,1
train3494.jpeg,1
train3495.jpeg,1
train3496.jpeg,0
train3497.jpeg,1
train3498.jpeg,1
train3499.jpeg,0
